<?xml version="1.0" encoding="UTF-8"?>
<project-private xmlns="http://www.netbeans.org/ns/project-private/1">
    <editor-bookmarks xmlns="http://www.netbeans.org/ns/editor-bookmarks/2" lastBookmarkId="0"/>
    <open-files xmlns="http://www.netbeans.org/ns/projectui-open-files/2">
        <group>
            <file>file:/home/rafael/Documentos/Repositorios/UFMS/Materias/4Semestre/EstruturaDeDadosII/ArvoreDoPantanal/ArvoreAvlPantaneira/src/br/ufms/arvorepantaneira/app/PantaneiraAPP.java</file>
            <file>file:/home/rafael/Documentos/Repositorios/UFMS/Materias/4Semestre/EstruturaDeDadosII/ArvoreDoPantanal/ArvoreAvlPantaneira/src/br/ufms/arvorepantaneira/controller/TreePrinter.java</file>
            <file>file:/home/rafael/Documentos/Repositorios/UFMS/Materias/4Semestre/EstruturaDeDadosII/ArvoreDoPantanal/ArvoreAvlPantaneira/src/br/ufms/arvorepantaneira/persiste/listaPantaneiratester.txt</file>
            <file>file:/home/rafael/Documentos/Repositorios/UFMS/Materias/4Semestre/EstruturaDeDadosII/ArvoreDoPantanal/ArvoreAvlPantaneira/src/br/ufms/arvorepantaneira/controller/ArvoreAvl.java</file>
            <file>file:/home/rafael/Documentos/Repositorios/UFMS/Materias/4Semestre/EstruturaDeDadosII/ArvoreDoPantanal/ArvoreAvlPantaneira/src/br/ufms/arvorepantaneira/controller/ControllerFX.java</file>
        </group>
    </open-files>
</project-private>
